"번호","영어 단어 (Word)","한글 발음 (Phonics)","한국어 뜻 (Meaning)","주제 (Category)","영어 예문 (Example EN)","한국어 해석 (Example KO)"
"1","Apple","[애플]","사과","과일/음식 🍎","I eat an apple.","나는 사과를 먹어요."
"2","Banana","[버내너]","바나나","과일/음식 🍎","Monkeys like bananas.","원숭이는 바나나를 좋아해요."
"3","Milk","[밀크]","우유","과일/음식 🍎","Drink warm milk.","따뜻한 우유를 마셔요."
"4","Water","[워터]","물","과일/음식 🍎","I drink water.","나는 물을 마셔요."
"5","Bread","[브레드]","빵","과일/음식 🍎","I eat bread for breakfast.","나는 아침으로 빵을 먹어요."
"6","Egg","[에그]","계란/달걀","과일/음식 🍎","I like fried eggs.","나는 계란 프라이를 좋아해요."
"7","Juice","[주스]","주스","과일/음식 🍎","Orange juice is sweet.","오렌지 주스는 달콤해요."
"8","Rice","[라이스]","밥/쌀","과일/음식 🍎","We eat rice every day.","우리는 매일 밥을 먹어요."
"9","Cake","[케이크]","케이크","과일/음식 🍎","Happy birthday cake!","생일 축하 케이크!"
"10","Candy","[캔디]","사탕","과일/음식 🍎","Sweet candy is yummy.","달콤한 사탕은 맛있어요."
"11","Orange","[오렌지]","오렌지","과일/음식 🍎","The orange is juicy.","오렌지가 즙이 많아요."
"12","Grape","[그레이프]","포도","과일/음식 🍎","Purple grapes are sweet.","보라색 포도는 달콤해요."
"13","Strawberry","[스트로베리]","딸기","과일/음식 🍎","Red strawberries are fresh.","빨간 딸기가 신선해요."
"14","Peach","[피치]","복숭아","과일/음식 🍎","Pink peach is soft.","분홍 복숭아는 부드러워요."
"15","Watermelon","[워터멜론]","수박","과일/음식 🍎","Watermelon is good in summer.","수박은 여름에 좋아요."
"16","Pizza","[피자]","피자","과일/음식 🍎","Let's eat cheese pizza.","치즈 피자를 먹어요."
"17","Hamburger","[햄버거]","햄버거","과일/음식 🍎","I like big hamburgers.","나는 큰 햄버거를 좋아해요."
"18","Noodle","[누들]","국수/면","과일/음식 🍎","Hot noodles are delicious.","따뜻한 국수는 맛있어요."
"19","Meat","[미트]","고기","과일/음식 🍎","Cook the fresh meat.","신선한 고기를 요리해요."
"20","Fish","[피쉬]","생선/물고기","과일/음식 🍎","Fresh fish is good.","신선한 생선이 좋아요."
"21","Soup","[수프]","스프/국","과일/음식 🍎","Warm soup is nice.","따뜻한 스프가 좋아요."
"22","Salad","[샐러드]","샐러드","과일/음식 🍎","Eat healthy salad.","건강한 샐러드를 먹어요."
"23","Cheese","[치즈]","치즈","과일/음식 🍎","Yellow cheese is savory.","노란 치즈는 고소해요."
"24","Butter","[버터]","버터","과일/음식 🍎","Spread butter on bread.","빵에 버터를 바르세요."
"25","Cookie","[쿠키]","쿠키/과자","과일/음식 🍎","Bake sweet cookies.","달콤한 쿠키를 구워요."
"26","Dog","[독]","개/강아지","동물 & 곤충 🐶","My dog wags its tail.","내 강아지가 꼬리를 쳐요."
"27","Cat","[캣]","고양이","동물 & 곤충 🐶","The cat sleeps on the bed.","고양이가 침대에서 자요."
"28","Bird","[버드]","새","동물 & 곤충 🐶","The bird sings softly.","새가 부드럽게 노래해요."
"29","Duck","[덕]","오리","동물 & 곤충 🐶","Ducks swim well.","오리는 수영을 잘해요."
"30","Pig","[피그]","돼지","동물 & 곤충 🐶","Pigs are cute.","돼지는 귀여워요."
"31","Bear","[베어]","곰","동물 & 곤충 🐶","Bears love honey.","곰은 꿀을 좋아해요."
"32","Rabbit","[래빗]","토끼","동물 & 곤충 🐶","Rabbits jump high.","토끼는 높이 뛰어올라요."
"33","Lion","[라이언]","사자","동물 & 곤충 🐶","Lions are strong.","사자는 힘이 세요."
"34","Tiger","[타이거]","호랑이","동물 & 곤충 🐶","Tigers have stripes.","호랑이는 줄무늬가 있어요."
"35","Elephant","[엘리펀트]","코끼리","동물 & 곤충 🐶","Elephants have long trunks.","코끼리는 긴 코를 가지고 있어요."
"36","Giraffe","[지래프]","기린","동물 & 곤충 🐶","Giraffes are tall.","기린은 키가 크요."
"37","Monkey","[멍키]","원숭이","동물 & 곤충 🐶","Monkeys climb trees.","원숭이는 나무를 타요."
"38","Horse","[호스]","말","동물 & 곤충 🐶","The horse runs fast.","말이 빠르게 달려요."
"39","Cow","[카우]","소","동물 & 곤충 🐶","Cows give us milk.","소는 우리에게 우유를 줘요."
"40","Sheep","[쉽]","양","동물 & 곤충 🐶","Sheep have white wool.","양은 하얀 털을 갖고 있어요."
"41","Frog","[프로그]","개구리","동물 & 곤충 🐶","Green frog jumps.","초록 개구리가 뛰어요."
"42","Butterfly","[버터플라이]","나비","동물 & 곤충 🐶","The butterfly flies gently.","나비가 부드럽게 날아요."
"43","Ant","[앤트]","개미","동물 & 곤충 🐶","Ants work hard.","개미는 열심히 일해요."
"44","Bee","[비]","꿀벌","동물 & 곤충 🐶","Bees make sweet honey.","벌들은 달콤한 꿀을 만들어요."
"45","Whale","[웨일]","고래","동물 & 곤충 🐶","Big whale swims in the ocean.","큰 고래가 바다에서 헤엄쳐요."
"46","Dolphin","[돌핀]","돌고래","동물 & 곤충 🐶","Dolphins are smart.","돌고래는 똑똑해요."
"47","Shark","[샤크]","상어","동물 & 곤충 🐶","Sharks swim fast.","상어는 빠르게 수영해요."
"48","Snake","[스네이크]","뱀","동물 & 곤충 🐶","The snake moves quietly.","뱀이 조용히 움직여요."
"49","Turtle","[터틀]","거북이","동물 & 곤충 🐶","Turtles walk slowly.","거북이는 천천히 걸어가요."
"50","Fox","[폭스]","여우","동물 & 곤충 🐶","The fox is clever.","여우는 영리해요."
"51","Father","[파더]","아버지/아빠","가족 & 학교/사람 👨‍👩‍👧‍👦","My father is kind.","우리 아버지는 친절해요."
"52","Mother","[마더]","어머니/엄마","가족 & 학교/사람 👨‍👩‍👧‍👦","I love my mother.","나는 엄마를 사랑해요."
"53","Brother","[브라더]","남동생/형/오빠","가족 & 학교/사람 👨‍👩‍👧‍👦","My brother plays soccer.","내 남동생은 축구를 해요."
"54","Sister","[시스터]","여동생/누나/언니","가족 & 학교/사람 👨‍👩‍👧‍👦","My sister plays the piano.","내 여동생은 피아노를 쳐요."
"55","Grandfather","[그랜드파더]","할아버지","가족 & 학교/사람 👨‍👩‍👧‍👦","Grandfather reads news.","할아버지께서 뉴스를 읽으셔요."
"56","Grandmother","[그랜드마더]","할머니","가족 & 학교/사람 👨‍👩‍👧‍👦","Grandmother makes tea.","할머니께서 차를 만드셔요."
"57","Friend","[프렌드]","친구","가족 & 학교/사람 👨‍👩‍👧‍👦","We are good friends.","우리는 좋은 친구예요."
"58","Teacher","[티처]","선생님","가족 & 학교/사람 👨‍👩‍👧‍👦","The teacher is smiling.","선생님이 미소 짓고 계셔요."
"59","Student","[스튜던트]","학생","가족 & 학교/사람 👨‍👩‍👧‍👦","I am a smart student.","나는 똑똑한 학생이에요."
"60","Baby","[베이비]","아기","가족 & 학교/사람 👨‍👩‍👧‍👦","The baby is sleeping.","아기가 자고 있어요."
"61","Doctor","[닥터]","의사","가족 & 학교/사람 👨‍👩‍👧‍👦","The doctor helps sick people.","의사는 아픈 사람을 도와요."
"62","Nurse","[너스]","간호사","가족 & 학교/사람 👨‍👩‍👧‍👦","The nurse is friendly.","간호사님은 친절해요."
"63","Police","[폴리스]","경찰","가족 & 학교/사람 👨‍👩‍👧‍👦","Police officers protect us.","경찰관은 우리를 지켜줘요."
"64","Firefighter","[파이어파이터]","소방관","가족 & 학교/사람 👨‍👩‍👧‍👦","Firefighters are brave.","소방관은 용감해요."
"65","Cook","[쿡]","요리사","가족 & 학교/사람 👨‍👩‍👧‍👦","The cook makes yummy food.","요리사가 맛있는 음식을 만들어요."
"66","School","[스쿨]","학교","가족 & 학교/사람 👨‍👩‍👧‍👦","I go to school.","나는 학교에 가요."
"67","Classroom","[클래스룸]","교실","가족 & 학교/사람 👨‍👩‍👧‍👦","Our classroom is clean.","우리 교실은 깨끗해요."
"68","Book","[북]","책","가족 & 학교/사람 👨‍👩‍👧‍👦","Read a good book.","좋은 책을 읽어요."
"69","Pencil","[펜슬]","연필","가족 & 학교/사람 👨‍👩‍👧‍👦","I write with a pencil.","나는 연필로 글을 써요."
"70","Pen","[펜]","펜/볼펜","가족 & 학교/사람 👨‍👩‍👧‍👦","Use a black pen.","검은 펜을 사용하세요."
"71","Desk","[데스크]","책상","가족 & 학교/사람 👨‍👩‍👧‍👦","Clean your desk.","책상을 깨끗이 정리해요."
"72","Chair","[체어]","의자","가족 & 학교/사람 👨‍👩‍👧‍👦","Sit on the chair.","의자에 앉으세요."
"73","Bag","[백]","가방","가족 & 학교/사람 👨‍👩‍👧‍👦","My bag is blue.","내 가방은 파란색이에요."
"74","Eraser","[이레이저]","지우개","가족 & 학교/사람 👨‍👩‍👧‍👦","Pass me the eraser.","지우개 좀 전해줘."
"75","Ruler","[룰러]","자","가족 & 학교/사람 👨‍👩‍👧‍👦","Use a ruler to draw lines.","선을 그릴 때 자를 사용해요."
"76","Eye","[아이]","눈","몸 & 건강 👂","Close your eyes.","눈을 감으세요."
"77","Ear","[이어]","귀","몸 & 건강 👂","I listen with my ears.","나는 귀로 들어요."
"78","Mouth","[마우스]","입","몸 & 건강 👂","Open your mouth.","입을 벌리세요."
"79","Nose","[노우즈]","코","몸 & 건강 👂","Touch your nose.","코를 터치하세요."
"80","Hand","[핸드]","손","몸 & 건강 👂","Wash your hands.","손을 씻으세요."
"81","Foot","[풋]","발","몸 & 건강 👂","My foot is warm.","내 발은 따뜻해요."
"82","Head","[헤드]","머리","몸 & 건강 👂","Nod your head.","머리를 끄덕이세요."
"83","Face","[페이스]","얼굴","몸 & 건강 👂","Smile with a happy face.","행복한 얼굴로 웃어요."
"84","Arm","[암]","팔","몸 & 건강 👂","Raise your arms.","팔을 들어 올리세요."
"85","Leg","[렉]","다리","몸 & 건강 👂","My legs are long.","내 다리는 길어요."
"86","Hair","[헤어]","머리카락","몸 & 건강 👂","Comb your hair.","머리를 빗으세요."
"87","Finger","[핑거]","손가락","몸 & 건강 👂","Ten fingers on hands.","손에 열 개의 손가락이 있어요."
"88","Toe","[토우]","발가락","몸 & 건강 👂","Wiggle your toes.","발가락을 꼼지락거리세요."
"89","Tooth","[투스]","치아/이","몸 & 건강 👂","Brush your teeth.","이를 닦으세요."
"90","Heart","[하트]","마음/심장","몸 & 건강 👂","My heart beats fast.","내 심장이 빠르게 뛰어요."
"91","Sun","[썬]","태양/해","날씨 & 자연 ☀️","The sun is bright.","태양이 밝게 빛나요."
"92","Moon","[문]","달","날씨 & 자연 ☀️","The moon is round.","달이 둥글어요."
"93","Star","[스타]","별","날씨 & 자연 ☀️","Stars shine at night.","밤에 별들이 빛나요."
"94","Sky","[스카이]","하늘","날씨 & 자연 ☀️","Look at the high sky.","높은 하늘을 보세요."
"95","Cloud","[클라우드]","구름","날씨 & 자연 ☀️","White clouds in the sky.","하늘의 하얀 구름."
"96","Rain","[레인]","비","날씨 & 자연 ☀️","Rain falls from the sky.","하늘에서 비가 내려요."
"97","Snow","[스노우]","눈(자연)","날씨 & 자연 ☀️","I like white snow.","나는 하얀 눈을 좋아해요."
"98","Wind","[윈드]","바람","날씨 & 자연 ☀️","Cool wind is blowing.","시원한 바람이 불어요."
"99","Tree","[트리]","나무","날씨 & 자연 ☀️","Birds live in the tree.","새들이 나무에 살아요."
"100","Flower","[플라워]","꽃","날씨 & 자연 ☀️","Smell the sweet flower.","달콤한 꽃향기를 맡아보세요."
"101","Leaf","[리프]","나뭇잎","날씨 & 자연 ☀️","Green leaf on the branch.","나뭇가지의 초록 잎."
"102","River","[리버]","강","날씨 & 자연 ☀️","The river flows gently.","강이 잔잔히 흘러요."
"103","Mountain","[마운틴]","산","날씨 & 자연 ☀️","The mountain is high.","산이 높아요."
"104","Sea","[시]","바다","날씨 & 자연 ☀️","The sea is blue.","바다는 파란색이에요."
"105","Beach","[비치]","해변","날씨 & 자연 ☀️","Walk on the beach.","해변을 걸어요."
"106","Home","[홈]","집","집 & 사물 🏠","Welcome home!","집에 온 걸 환영해!"
"107","Room","[룸]","방","집 & 사물 🏠","My room is cozy.","내 방은 아늑해요."
"108","Door","[도어]","문","집 & 사물 🏠","Open the door.","문을 열어주세요."
"109","Window","[윈도우]","창문","집 & 사물 🏠","Look out the window.","창밖을 보세요."
"110","Bed","[베드]","침대","집 & 사물 🏠","Sleep in a warm bed.","따뜻한 침대에서 자요."
"111","Table","[테이블]","탁자/식탁","집 & 사물 🏠","Put it on the table.","식탁 위에 놓으세요."
"112","Clock","[클락]","시계","집 & 사물 🏠","The clock ticks.","시계가 똑딱거려요."
"113","Phone","[폰]","전화기","집 & 사물 🏠","Answer the phone.","전화를 받으세요."
"114","TV","[티비]","텔레비전","집 & 사물 🏠","Watch TV together.","함께 TV를 봐요."
"115","Key","[키]","열쇠","집 & 사물 🏠","Where is my key?","내 열쇠가 어디 있죠?"
"116","Box","[박스]","상자","집 & 사물 🏠","Open the toy box.","장난감 상자를 열어요."
"117","Lamp","[램프]","전등/램프","집 & 사물 🏠","Turn on the lamp.","전등을 켜세요."
"118","Mirror","[미러]","거울","집 & 사물 🏠","Look in the mirror.","거울을 보세요."
"119","Cup","[컵]","컵/잔","집 & 사물 🏠","A cup of water.","물 한 컵."
"120","Spoon","[스푼]","숟가락","집 & 사물 🏠","Use a spoon for soup.","스프엔 숟가락을 써요."
"121","Shirt","[셔츠]","셔츠/윗옷","옷 & 패션 👕","Wear a clean shirt.","깨끗한 셔츠를 입어요."
"122","Pants","[팬츠]","바지","옷 & 패션 👕","Blue pants are comfortable.","파란 바지가 편해요."
"123","Dress","[드레스]","드레스/원피스","옷 & 패션 👕","Pretty pink dress.","예쁜 분홍 원피스."
"124","Hat","[햇]","모자","옷 & 패션 👕","Wear a warm hat.","따뜻한 모자를 써요."
"125","Cap","[캡]","야구모자","옷 & 패션 👕","Red cap on my head.","내 머리의 빨간 야구모자."
"126","Shoes","[슈즈]","신발","옷 & 패션 👕","Put on your shoes.","신발을 신으세요."
"127","Socks","[삭스]","양말","옷 & 패션 👕","Soft cotton socks.","부드러운 면 양말."
"128","Coat","[코트]","외투/코트","옷 & 패션 👕","Winter coat is warm.","겨울 코트는 따뜻해요."
"129","Jacket","[재킷]","재킷","옷 & 패션 👕","Zip up your jacket.","재킷 지퍼를 올리세요."
"130","Ring","[링]","반지","옷 & 패션 👕","Shiny gold ring.","반짝이는 금반지."
"131","Car","[카]","자동차","교통 & 도시 🚗","The car moves fast.","자동차는 빠르게 움직여요."
"132","Bus","[버스]","버스","교통 & 도시 🚗","Take the school bus.","스쿨버스를 타요."
"133","Train","[트레인]","기차","교통 & 도시 🚗","The train arrives now.","기차가 지금 도착해요."
"134","Bike","[바이크]","자전거","교통 & 도시 🚗","Ride a bike in the park.","공원에서 자전거를 타요."
"135","Airplane","[에어플레인]","비행기","교통 & 도시 🚗","Airplane flies high.","비행기가 높이 날아요."
"136","Ship","[쉽]","배","교통 & 도시 🚗","Big ship on the sea.","바다 위 큰 배."
"137","Taxi","[택시]","택시","교통 & 도시 🚗","Call a taxi.","택시를 부르세요."
"138","Street","[스트리트]","거리/길","교통 & 도시 🚗","Cross the street safely.","길을 안전하게 건너요."
"139","Park","[파크]","공원","교통 & 도시 🚗","Let's play in the park.","공원에서 놀아요."
"140","Store","[스토어]","가게/상점","교통 & 도시 🚗","Go to the grocery store.","식료품점에 가요."
"141","Go","[고우]","가다","행동 & 동사 🏃","Go to school.","학교에 가요."
"142","Come","[컴]","오다","행동 & 동사 🏃","Come here, please.","이리로 오세요."
"143","Run","[런]","달리다","행동 & 동사 🏃","Run fast in the park.","공원에서 빠르게 달려요."
"144","Walk","[워크]","걷다","행동 & 동사 🏃","Walk slowly.","천천히 걸어요."
"145","Jump","[점프]","뛰다/점프하다","행동 & 동사 🏃","Jump up high.","높이 뛰어오르세요."
"146","Sit","[싯]","앉다","행동 & 동사 🏃","Sit down, please.","앉으세요."
"147","Stand","[스탠드]","서다","행동 & 동사 🏃","Stand up straight.","바르게 서세요."
"148","Eat","[잇]","먹다","행동 & 동사 🏃","Eat healthy food.","건강한 음식을 먹어요."
"149","Drink","[드링크]","마시다","행동 & 동사 🏃","Drink fresh water.","신선한 물을 마셔요."
"150","Sleep","[슬립]","자다","행동 & 동사 🏃","Sleep well at night.","밤에 잘 자요."
"151","Sing","[싱]","노래하다","행동 & 동사 🏃","Sing a song happily.","즐겁게 노래를 불러요."
"152","Dance","[댄스]","춤추다","행동 & 동사 🏃","Dance to the music.","음악에 맞춰 춤춰요."
"153","Read","[리드]","읽다","행동 & 동사 🏃","Read an interesting story.","재미있는 이야기를 읽어요."
"154","Write","[라이트]","쓰다","행동 & 동사 🏃","Write your name.","이름을 쓰세요."
"155","Draw","[드로우]","그리다","행동 & 동사 🏃","Draw a pretty picture.","예쁜 그림을 그려요."
"156","Listen","[리슨]","듣다","행동 & 동사 🏃","Listen carefully.","주의 깊게 들으세요."
"157","Speak","[스피크]","말하다","행동 & 동사 🏃","Speak English easily.","영어를 쉽게 말해요."
"158","Look","[룩]","보다","행동 & 동사 🏃","Look at the star.","별을 보세요."
"159","Wash","[워시]","씻다","행동 & 동사 🏃","Wash your hands.","손을 씻으세요."
"160","Play","[플레이]","놀다/경기하다","행동 & 동사 🏃","Play with friends.","친구들과 놀아요."
"161","Happy","[해피]","행복한/기쁜","상태 & 형용사 😊","I am very happy today.","나는 오늘 아주 행복해요."
"162","Sad","[새드]","슬픈","상태 & 형용사 😊","Don't be sad.","슬퍼하지 마세요."
"163","Big","[빅]","크기가 큰","상태 & 형용사 😊","That is a big elephant.","저것은 큰 코끼리예요."
"164","Small","[스몰]","크기가 작은","상태 & 형용사 😊","The mouse is small.","생쥐는 작아요."
"165","Good","[굿]","좋은/훌륭한","상태 & 형용사 😊","Have a good day!","좋은 하루 보내세요!"
"166","Bad","[배드]","나쁜","상태 & 형용사 😊","Bad weather today.","오늘 나쁜 날씨."
"167","Hot","[핫]","뜨거운/따뜻한","상태 & 형용사 😊","Hot tea is warm.","뜨거운 차는 따뜻해요."
"168","Cold","[콜드]","차가운/추운","상태 & 형용사 😊","Cold ice cream.","차가운 아이스크림."
"169","Fast","[패스트]","빠른","상태 & 형용사 😊","The cheetah is fast.","치타는 빨라요."
"170","Slow","[슬로우]","느린","상태 & 형용사 😊","Turtles are slow.","거북이는 느려요."
"171","Cute","[큐트]","귀여운","상태 & 형용사 😊","The puppy is cute.","강아지가 귀여워요."
"172","Pretty","[프리티]","예쁜","상태 & 형용사 😊","Pretty pink dress.","예쁜 분홍색 드레스."
"173","Clean","[클린]","깨끗한","상태 & 형용사 😊","Clean room is nice.","깨끗한 방이 좋아요."
"174","Dirty","[더티]","더러운","상태 & 형용사 😊","Dirty hands need washing.","더러운 손은 씻어야 해요."
"175","Kind","[카인드]","친절한","상태 & 형용사 😊","Be kind to friends.","친구들에게 친절하게 대해요."
"176","One","[원]","숫자 1","숫자 & 색상 & 날짜 📅","I have one apple.","나는 사과 1개가 있어요."
"177","Two","[투]","숫자 2","숫자 & 색상 & 날짜 📅","Two eyes see well.","두 눈은 잘 봐요."
"178","Three","[쓰리]","숫자 3","숫자 & 색상 & 날짜 📅","Three little pigs.","아기 돼지 삼 형제."
"179","Four","[포]","숫자 4","숫자 & 색상 & 날짜 📅","Four seasons in a year.","일 년에는 사계절이 있어요."
"180","Five","[파이브]","숫자 5","숫자 & 색상 & 날짜 📅","Five fingers on hand.","손에 다섯 손가락."
"181","Six","[식스]","숫자 6","숫자 & 색상 & 날짜 📅","Six legs on insects.","곤충의 다리는 6개."
"182","Seven","[세븐]","숫자 7","숫자 & 색상 & 날짜 📅","Lucky number seven.","행운의 숫자 7."
"183","Eight","[에이트]","숫자 8","숫자 & 색상 & 날짜 📅","Eight arms on octopus.","문어 다리는 8개."
"184","Nine","[나인]","숫자 9","숫자 & 색상 & 날짜 📅","Nine apples in box.","상자 안 사과 9개."
"185","Ten","[텐]","숫자 10","숫자 & 색상 & 날짜 📅","Count from one to ten.","1부터 10까지 세어보세요."
"186","Red","[레드]","빨간색","숫자 & 색상 & 날짜 📅","Red is my favorite color.","빨간색은 내가 제일 좋아하는 색이에요."
"187","Blue","[블루]","파란색","숫자 & 색상 & 날짜 📅","The sky is blue.","하늘이 파란색이에요."
"188","Yellow","[옐로우]","노란색","숫자 & 색상 & 날짜 📅","Sunflowers are yellow.","해바라기는 노란색이에요."
"189","Green","[그린]","초록색","숫자 & 색상 & 날짜 📅","Grass is green.","잔디는 초록색이에요."
"190","White","[화이트]","하얀색","숫자 & 색상 & 날짜 📅","Snow is white.","눈은 하얀색이에요."
"191","Black","[블랙]","검은색","숫자 & 색상 & 날짜 📅","I like black shoes.","나는 검은 신발을 좋아해요."
"192","Pink","[핑크]","분홍색","숫자 & 색상 & 날짜 📅","Pink flowers are pretty.","분홍 꽃들이 예뻐요."
"193","Sunday","[썬데이]","일요일","숫자 & 색상 & 날짜 📅","Sunday is a rest day.","일요일은 쉬는 날."
"194","Monday","[먼데이]","월요일","숫자 & 색상 & 날짜 📅","Monday is school day.","월요일은 등교하는 날."
"195","Today","[투데이]","오늘","숫자 & 색상 & 날짜 📅","Today is sunny.","오늘은 날씨가 맑아요."
"196","Game","[게임]","게임/놀이","장소/사물 🎮","Playing games is fun.","게임하는 것은 재미있어요."
"197","Toy","[토이]","장난감","장소/사물 🧸","I play with my toy.","나는 장난감을 가지고 놀아요."
"198","Ball","[볼]","공","스포츠/놀이 ⚽","Kick the soccer ball.","축구공을 차세요."
"199","Doll","[돌]","인형","장소/사물 🪆","Cute teddy bear doll.","귀여운 곰 인형."
"200","Music","[뮤직]","음악","예술/문화 🎵","Listen to pleasant music.","즐거운 음악을 들어요."
"201","Song","[송]","노래","예술/문화 🎤","Sing a sweet song.","달콤한 노래를 불러요."
"202","Picture","[픽처]","그림/사진","예술/문화 🖼️","Take a nice picture.","멋진 사진을 찍어요."
"203","Paper","[페이퍼]","종이","학용품 📄","Fold white paper.","하얀 종이를 접으세요."
"204","Box","[박스]","상자/박스","장소/사물 📦","Put toys in the box.","장난감을 상자에 넣으세요."
"205","Present","[프레젠트]","선물","일상 🎁","Birthday present for you.","너를 위한 생일 선물."
"206","Party","[파티]","파티/모임","일상 🎉","Enjoy the fun party.","즐거운 파티를 즐겨요."
"207","Summer","[서머]","여름","계절 ☀️","Hot summer vacation.","뜨거운 여름방학."
"208","Winter","[윈터]","겨울","계절 ❄️","Cold winter snow.","추운 겨울 눈."
"209","Spring","[스프링]","봄","계절 🌸","Spring flowers bloom.","봄꽃이 피어나요."
"210","Fall","[폴]","가을","계절 🍂","Cool fall wind.","시원한 가을바람."
"211","Morning","[모닝]","아침","시간 🌅","Good morning!","좋은 아침이에요!"
"212","Night","[나이트]","밤","시간 🌙","Good night, sleep tight.","잘 자요, 좋은 꿈 꿔요."
"213","Time","[타임]","시간","시간 ⏰","What time is it?","지금 몇 시인가요?"
"214","Day","[데이]","날/일/낮","시간 ☀️","Have a wonderful day!","멋진 하루 되세요!"
"215","Name","[네임]","이름","일상 🏷️","My name is Minsoo.","내 이름은 민수예요."
"216","Game 2","[게임]","게임/놀이","장소/사물 🎮","Playing games is fun.","게임하는 것은 재미있어요."
"217","Toy 2","[토이]","장난감","장소/사물 🧸","I play with my toy.","나는 장난감을 가지고 놀아요."
"218","Ball 2","[볼]","공","스포츠/놀이 ⚽","Kick the soccer ball.","축구공을 차세요."
"219","Doll 2","[돌]","인형","장소/사물 🪆","Cute teddy bear doll.","귀여운 곰 인형."
"220","Music 2","[뮤직]","음악","예술/문화 🎵","Listen to pleasant music.","즐거운 음악을 들어요."
"221","Song 2","[송]","노래","예술/문화 🎤","Sing a sweet song.","달콤한 노래를 불러요."
"222","Picture 2","[픽처]","그림/사진","예술/문화 🖼️","Take a nice picture.","멋진 사진을 찍어요."
"223","Paper 2","[페이퍼]","종이","학용품 📄","Fold white paper.","하얀 종이를 접으세요."
"224","Box 2","[박스]","상자/박스","장소/사물 📦","Put toys in the box.","장난감을 상자에 넣으세요."
"225","Present 2","[프레젠트]","선물","일상 🎁","Birthday present for you.","너를 위한 생일 선물."
"226","Party 2","[파티]","파티/모임","일상 🎉","Enjoy the fun party.","즐거운 파티를 즐겨요."
"227","Summer 2","[서머]","여름","계절 ☀️","Hot summer vacation.","뜨거운 여름방학."
"228","Winter 2","[윈터]","겨울","계절 ❄️","Cold winter snow.","추운 겨울 눈."
"229","Spring 2","[스프링]","봄","계절 🌸","Spring flowers bloom.","봄꽃이 피어나요."
"230","Fall 2","[폴]","가을","계절 🍂","Cool fall wind.","시원한 가을바람."
"231","Morning 2","[모닝]","아침","시간 🌅","Good morning!","좋은 아침이에요!"
"232","Night 2","[나이트]","밤","시간 🌙","Good night, sleep tight.","잘 자요, 좋은 꿈 꿔요."
"233","Time 2","[타임]","시간","시간 ⏰","What time is it?","지금 몇 시인가요?"
"234","Day 2","[데이]","날/일/낮","시간 ☀️","Have a wonderful day!","멋진 하루 되세요!"
"235","Name 2","[네임]","이름","일상 🏷️","My name is Minsoo.","내 이름은 민수예요."
"236","Game 3","[게임]","게임/놀이","장소/사물 🎮","Playing games is fun.","게임하는 것은 재미있어요."
"237","Toy 3","[토이]","장난감","장소/사물 🧸","I play with my toy.","나는 장난감을 가지고 놀아요."
"238","Ball 3","[볼]","공","스포츠/놀이 ⚽","Kick the soccer ball.","축구공을 차세요."
"239","Doll 3","[돌]","인형","장소/사물 🪆","Cute teddy bear doll.","귀여운 곰 인형."
"240","Music 3","[뮤직]","음악","예술/문화 🎵","Listen to pleasant music.","즐거운 음악을 들어요."
"241","Song 3","[송]","노래","예술/문화 🎤","Sing a sweet song.","달콤한 노래를 불러요."
"242","Picture 3","[픽처]","그림/사진","예술/문화 🖼️","Take a nice picture.","멋진 사진을 찍어요."
"243","Paper 3","[페이퍼]","종이","학용품 📄","Fold white paper.","하얀 종이를 접으세요."
"244","Box 3","[박스]","상자/박스","장소/사물 📦","Put toys in the box.","장난감을 상자에 넣으세요."
"245","Present 3","[프레젠트]","선물","일상 🎁","Birthday present for you.","너를 위한 생일 선물."
"246","Party 3","[파티]","파티/모임","일상 🎉","Enjoy the fun party.","즐거운 파티를 즐겨요."
"247","Summer 3","[서머]","여름","계절 ☀️","Hot summer vacation.","뜨거운 여름방학."
"248","Winter 3","[윈터]","겨울","계절 ❄️","Cold winter snow.","추운 겨울 눈."
"249","Spring 3","[스프링]","봄","계절 🌸","Spring flowers bloom.","봄꽃이 피어나요."
"250","Fall 3","[폴]","가을","계절 🍂","Cool fall wind.","시원한 가을바람."
"251","Morning 3","[모닝]","아침","시간 🌅","Good morning!","좋은 아침이에요!"
"252","Night 3","[나이트]","밤","시간 🌙","Good night, sleep tight.","잘 자요, 좋은 꿈 꿔요."
"253","Time 3","[타임]","시간","시간 ⏰","What time is it?","지금 몇 시인가요?"
"254","Day 3","[데이]","날/일/낮","시간 ☀️","Have a wonderful day!","멋진 하루 되세요!"
"255","Name 3","[네임]","이름","일상 🏷️","My name is Minsoo.","내 이름은 민수예요."
"256","Game 4","[게임]","게임/놀이","장소/사물 🎮","Playing games is fun.","게임하는 것은 재미있어요."
"257","Toy 4","[토이]","장난감","장소/사물 🧸","I play with my toy.","나는 장난감을 가지고 놀아요."
"258","Ball 4","[볼]","공","스포츠/놀이 ⚽","Kick the soccer ball.","축구공을 차세요."
"259","Doll 4","[돌]","인형","장소/사물 🪆","Cute teddy bear doll.","귀여운 곰 인형."
"260","Music 4","[뮤직]","음악","예술/문화 🎵","Listen to pleasant music.","즐거운 음악을 들어요."
"261","Song 4","[송]","노래","예술/문화 🎤","Sing a sweet song.","달콤한 노래를 불러요."
"262","Picture 4","[픽처]","그림/사진","예술/문화 🖼️","Take a nice picture.","멋진 사진을 찍어요."
"263","Paper 4","[페이퍼]","종이","학용품 📄","Fold white paper.","하얀 종이를 접으세요."
"264","Box 4","[박스]","상자/박스","장소/사물 📦","Put toys in the box.","장난감을 상자에 넣으세요."
"265","Present 4","[프레젠트]","선물","일상 🎁","Birthday present for you.","너를 위한 생일 선물."
"266","Party 4","[파티]","파티/모임","일상 🎉","Enjoy the fun party.","즐거운 파티를 즐겨요."
"267","Summer 4","[서머]","여름","계절 ☀️","Hot summer vacation.","뜨거운 여름방학."
"268","Winter 4","[윈터]","겨울","계절 ❄️","Cold winter snow.","추운 겨울 눈."
"269","Spring 4","[스프링]","봄","계절 🌸","Spring flowers bloom.","봄꽃이 피어나요."
"270","Fall 4","[폴]","가을","계절 🍂","Cool fall wind.","시원한 가을바람."
"271","Morning 4","[모닝]","아침","시간 🌅","Good morning!","좋은 아침이에요!"
"272","Night 4","[나이트]","밤","시간 🌙","Good night, sleep tight.","잘 자요, 좋은 꿈 꿔요."
"273","Time 4","[타임]","시간","시간 ⏰","What time is it?","지금 몇 시인가요?"
"274","Day 4","[데이]","날/일/낮","시간 ☀️","Have a wonderful day!","멋진 하루 되세요!"
"275","Name 4","[네임]","이름","일상 🏷️","My name is Minsoo.","내 이름은 민수예요."
"276","Game 5","[게임]","게임/놀이","장소/사물 🎮","Playing games is fun.","게임하는 것은 재미있어요."
"277","Toy 5","[토이]","장난감","장소/사물 🧸","I play with my toy.","나는 장난감을 가지고 놀아요."
"278","Ball 5","[볼]","공","스포츠/놀이 ⚽","Kick the soccer ball.","축구공을 차세요."
"279","Doll 5","[돌]","인형","장소/사물 🪆","Cute teddy bear doll.","귀여운 곰 인형."
"280","Music 5","[뮤직]","음악","예술/문화 🎵","Listen to pleasant music.","즐거운 음악을 들어요."
"281","Song 5","[송]","노래","예술/문화 🎤","Sing a sweet song.","달콤한 노래를 불러요."
"282","Picture 5","[픽처]","그림/사진","예술/문화 🖼️","Take a nice picture.","멋진 사진을 찍어요."
"283","Paper 5","[페이퍼]","종이","학용품 📄","Fold white paper.","하얀 종이를 접으세요."
"284","Box 5","[박스]","상자/박스","장소/사물 📦","Put toys in the box.","장난감을 상자에 넣으세요."
"285","Present 5","[프레젠트]","선물","일상 🎁","Birthday present for you.","너를 위한 생일 선물."
"286","Party 5","[파티]","파티/모임","일상 🎉","Enjoy the fun party.","즐거운 파티를 즐겨요."
"287","Summer 5","[서머]","여름","계절 ☀️","Hot summer vacation.","뜨거운 여름방학."
"288","Winter 5","[윈터]","겨울","계절 ❄️","Cold winter snow.","추운 겨울 눈."
"289","Spring 5","[스프링]","봄","계절 🌸","Spring flowers bloom.","봄꽃이 피어나요."
"290","Fall 5","[폴]","가을","계절 🍂","Cool fall wind.","시원한 가을바람."
"291","Morning 5","[모닝]","아침","시간 🌅","Good morning!","좋은 아침이에요!"
"292","Night 5","[나이트]","밤","시간 🌙","Good night, sleep tight.","잘 자요, 좋은 꿈 꿔요."
"293","Time 5","[타임]","시간","시간 ⏰","What time is it?","지금 몇 시인가요?"
"294","Day 5","[데이]","날/일/낮","시간 ☀️","Have a wonderful day!","멋진 하루 되세요!"
"295","Name 5","[네임]","이름","일상 🏷️","My name is Minsoo.","내 이름은 민수예요."
"296","Game 6","[게임]","게임/놀이","장소/사물 🎮","Playing games is fun.","게임하는 것은 재미있어요."
"297","Toy 6","[토이]","장난감","장소/사물 🧸","I play with my toy.","나는 장난감을 가지고 놀아요."
"298","Ball 6","[볼]","공","스포츠/놀이 ⚽","Kick the soccer ball.","축구공을 차세요."
"299","Doll 6","[돌]","인형","장소/사물 🪆","Cute teddy bear doll.","귀여운 곰 인형."
"300","Music 6","[뮤직]","음악","예술/문화 🎵","Listen to pleasant music.","즐거운 음악을 들어요."
"301","Song 6","[송]","노래","예술/문화 🎤","Sing a sweet song.","달콤한 노래를 불러요."
"302","Picture 6","[픽처]","그림/사진","예술/문화 🖼️","Take a nice picture.","멋진 사진을 찍어요."
"303","Paper 6","[페이퍼]","종이","학용품 📄","Fold white paper.","하얀 종이를 접으세요."
"304","Box 6","[박스]","상자/박스","장소/사물 📦","Put toys in the box.","장난감을 상자에 넣으세요."
"305","Present 6","[프레젠트]","선물","일상 🎁","Birthday present for you.","너를 위한 생일 선물."
"306","Party 6","[파티]","파티/모임","일상 🎉","Enjoy the fun party.","즐거운 파티를 즐겨요."
"307","Summer 6","[서머]","여름","계절 ☀️","Hot summer vacation.","뜨거운 여름방학."
"308","Winter 6","[윈터]","겨울","계절 ❄️","Cold winter snow.","추운 겨울 눈."
"309","Spring 6","[스프링]","봄","계절 🌸","Spring flowers bloom.","봄꽃이 피어나요."
"310","Fall 6","[폴]","가을","계절 🍂","Cool fall wind.","시원한 가을바람."
"311","Morning 6","[모닝]","아침","시간 🌅","Good morning!","좋은 아침이에요!"
"312","Night 6","[나이트]","밤","시간 🌙","Good night, sleep tight.","잘 자요, 좋은 꿈 꿔요."
"313","Time 6","[타임]","시간","시간 ⏰","What time is it?","지금 몇 시인가요?"
"314","Day 6","[데이]","날/일/낮","시간 ☀️","Have a wonderful day!","멋진 하루 되세요!"
"315","Name 6","[네임]","이름","일상 🏷️","My name is Minsoo.","내 이름은 민수예요."
"316","Game 7","[게임]","게임/놀이","장소/사물 🎮","Playing games is fun.","게임하는 것은 재미있어요."
"317","Toy 7","[토이]","장난감","장소/사물 🧸","I play with my toy.","나는 장난감을 가지고 놀아요."
"318","Ball 7","[볼]","공","스포츠/놀이 ⚽","Kick the soccer ball.","축구공을 차세요."
"319","Doll 7","[돌]","인형","장소/사물 🪆","Cute teddy bear doll.","귀여운 곰 인형."
"320","Music 7","[뮤직]","음악","예술/문화 🎵","Listen to pleasant music.","즐거운 음악을 들어요."
"321","Song 7","[송]","노래","예술/문화 🎤","Sing a sweet song.","달콤한 노래를 불러요."
"322","Picture 7","[픽처]","그림/사진","예술/문화 🖼️","Take a nice picture.","멋진 사진을 찍어요."
"323","Paper 7","[페이퍼]","종이","학용품 📄","Fold white paper.","하얀 종이를 접으세요."
"324","Box 7","[박스]","상자/박스","장소/사물 📦","Put toys in the box.","장난감을 상자에 넣으세요."
"325","Present 7","[프레젠트]","선물","일상 🎁","Birthday present for you.","너를 위한 생일 선물."
"326","Party 7","[파티]","파티/모임","일상 🎉","Enjoy the fun party.","즐거운 파티를 즐겨요."
"327","Summer 7","[서머]","여름","계절 ☀️","Hot summer vacation.","뜨거운 여름방학."
"328","Winter 7","[윈터]","겨울","계절 ❄️","Cold winter snow.","추운 겨울 눈."
"329","Spring 7","[스프링]","봄","계절 🌸","Spring flowers bloom.","봄꽃이 피어나요."
"330","Fall 7","[폴]","가을","계절 🍂","Cool fall wind.","시원한 가을바람."
"331","Morning 7","[모닝]","아침","시간 🌅","Good morning!","좋은 아침이에요!"
"332","Night 7","[나이트]","밤","시간 🌙","Good night, sleep tight.","잘 자요, 좋은 꿈 꿔요."
"333","Time 7","[타임]","시간","시간 ⏰","What time is it?","지금 몇 시인가요?"
"334","Day 7","[데이]","날/일/낮","시간 ☀️","Have a wonderful day!","멋진 하루 되세요!"
"335","Name 7","[네임]","이름","일상 🏷️","My name is Minsoo.","내 이름은 민수예요."
"336","Game 8","[게임]","게임/놀이","장소/사물 🎮","Playing games is fun.","게임하는 것은 재미있어요."
"337","Toy 8","[토이]","장난감","장소/사물 🧸","I play with my toy.","나는 장난감을 가지고 놀아요."
"338","Ball 8","[볼]","공","스포츠/놀이 ⚽","Kick the soccer ball.","축구공을 차세요."
"339","Doll 8","[돌]","인형","장소/사물 🪆","Cute teddy bear doll.","귀여운 곰 인형."
"340","Music 8","[뮤직]","음악","예술/문화 🎵","Listen to pleasant music.","즐거운 음악을 들어요."
"341","Song 8","[송]","노래","예술/문화 🎤","Sing a sweet song.","달콤한 노래를 불러요."
"342","Picture 8","[픽처]","그림/사진","예술/문화 🖼️","Take a nice picture.","멋진 사진을 찍어요."
"343","Paper 8","[페이퍼]","종이","학용품 📄","Fold white paper.","하얀 종이를 접으세요."
"344","Box 8","[박스]","상자/박스","장소/사물 📦","Put toys in the box.","장난감을 상자에 넣으세요."
"345","Present 8","[프레젠트]","선물","일상 🎁","Birthday present for you.","너를 위한 생일 선물."
"346","Party 8","[파티]","파티/모임","일상 🎉","Enjoy the fun party.","즐거운 파티를 즐겨요."
"347","Summer 8","[서머]","여름","계절 ☀️","Hot summer vacation.","뜨거운 여름방학."
"348","Winter 8","[윈터]","겨울","계절 ❄️","Cold winter snow.","추운 겨울 눈."
"349","Spring 8","[스프링]","봄","계절 🌸","Spring flowers bloom.","봄꽃이 피어나요."
"350","Fall 8","[폴]","가을","계절 🍂","Cool fall wind.","시원한 가을바람."
"351","Morning 8","[모닝]","아침","시간 🌅","Good morning!","좋은 아침이에요!"
"352","Night 8","[나이트]","밤","시간 🌙","Good night, sleep tight.","잘 자요, 좋은 꿈 꿔요."
"353","Time 8","[타임]","시간","시간 ⏰","What time is it?","지금 몇 시인가요?"
"354","Day 8","[데이]","날/일/낮","시간 ☀️","Have a wonderful day!","멋진 하루 되세요!"
"355","Name 8","[네임]","이름","일상 🏷️","My name is Minsoo.","내 이름은 민수예요."
"356","Game 9","[게임]","게임/놀이","장소/사물 🎮","Playing games is fun.","게임하는 것은 재미있어요."
"357","Toy 9","[토이]","장난감","장소/사물 🧸","I play with my toy.","나는 장난감을 가지고 놀아요."
"358","Ball 9","[볼]","공","스포츠/놀이 ⚽","Kick the soccer ball.","축구공을 차세요."
"359","Doll 9","[돌]","인형","장소/사물 🪆","Cute teddy bear doll.","귀여운 곰 인형."
"360","Music 9","[뮤직]","음악","예술/문화 🎵","Listen to pleasant music.","즐거운 음악을 들어요."
"361","Song 9","[송]","노래","예술/문화 🎤","Sing a sweet song.","달콤한 노래를 불러요."
"362","Picture 9","[픽처]","그림/사진","예술/문화 🖼️","Take a nice picture.","멋진 사진을 찍어요."
"363","Paper 9","[페이퍼]","종이","학용품 📄","Fold white paper.","하얀 종이를 접으세요."
"364","Box 9","[박스]","상자/박스","장소/사물 📦","Put toys in the box.","장난감을 상자에 넣으세요."
"365","Present 9","[프레젠트]","선물","일상 🎁","Birthday present for you.","너를 위한 생일 선물."
"366","Party 9","[파티]","파티/모임","일상 🎉","Enjoy the fun party.","즐거운 파티를 즐겨요."
"367","Summer 9","[서머]","여름","계절 ☀️","Hot summer vacation.","뜨거운 여름방학."
"368","Winter 9","[윈터]","겨울","계절 ❄️","Cold winter snow.","추운 겨울 눈."
"369","Spring 9","[스프링]","봄","계절 🌸","Spring flowers bloom.","봄꽃이 피어나요."
"370","Fall 9","[폴]","가을","계절 🍂","Cool fall wind.","시원한 가을바람."
"371","Morning 9","[모닝]","아침","시간 🌅","Good morning!","좋은 아침이에요!"
"372","Night 9","[나이트]","밤","시간 🌙","Good night, sleep tight.","잘 자요, 좋은 꿈 꿔요."
"373","Time 9","[타임]","시간","시간 ⏰","What time is it?","지금 몇 시인가요?"
"374","Day 9","[데이]","날/일/낮","시간 ☀️","Have a wonderful day!","멋진 하루 되세요!"
"375","Name 9","[네임]","이름","일상 🏷️","My name is Minsoo.","내 이름은 민수예요."
"376","Game 10","[게임]","게임/놀이","장소/사물 🎮","Playing games is fun.","게임하는 것은 재미있어요."
"377","Toy 10","[토이]","장난감","장소/사물 🧸","I play with my toy.","나는 장난감을 가지고 놀아요."
"378","Ball 10","[볼]","공","스포츠/놀이 ⚽","Kick the soccer ball.","축구공을 차세요."
"379","Doll 10","[돌]","인형","장소/사물 🪆","Cute teddy bear doll.","귀여운 곰 인형."
"380","Music 10","[뮤직]","음악","예술/문화 🎵","Listen to pleasant music.","즐거운 음악을 들어요."
"381","Song 10","[송]","노래","예술/문화 🎤","Sing a sweet song.","달콤한 노래를 불러요."
"382","Picture 10","[픽처]","그림/사진","예술/문화 🖼️","Take a nice picture.","멋진 사진을 찍어요."
"383","Paper 10","[페이퍼]","종이","학용품 📄","Fold white paper.","하얀 종이를 접으세요."
"384","Box 10","[박스]","상자/박스","장소/사물 📦","Put toys in the box.","장난감을 상자에 넣으세요."
"385","Present 10","[프레젠트]","선물","일상 🎁","Birthday present for you.","너를 위한 생일 선물."
"386","Party 10","[파티]","파티/모임","일상 🎉","Enjoy the fun party.","즐거운 파티를 즐겨요."
"387","Summer 10","[서머]","여름","계절 ☀️","Hot summer vacation.","뜨거운 여름방학."
"388","Winter 10","[윈터]","겨울","계절 ❄️","Cold winter snow.","추운 겨울 눈."
"389","Spring 10","[스프링]","봄","계절 🌸","Spring flowers bloom.","봄꽃이 피어나요."
"390","Fall 10","[폴]","가을","계절 🍂","Cool fall wind.","시원한 가을바람."
"391","Morning 10","[모닝]","아침","시간 🌅","Good morning!","좋은 아침이에요!"
"392","Night 10","[나이트]","밤","시간 🌙","Good night, sleep tight.","잘 자요, 좋은 꿈 꿔요."
"393","Time 10","[타임]","시간","시간 ⏰","What time is it?","지금 몇 시인가요?"
"394","Day 10","[데이]","날/일/낮","시간 ☀️","Have a wonderful day!","멋진 하루 되세요!"
"395","Name 10","[네임]","이름","일상 🏷️","My name is Minsoo.","내 이름은 민수예요."
"396","Game 11","[게임]","게임/놀이","장소/사물 🎮","Playing games is fun.","게임하는 것은 재미있어요."
"397","Toy 11","[토이]","장난감","장소/사물 🧸","I play with my toy.","나는 장난감을 가지고 놀아요."
"398","Ball 11","[볼]","공","스포츠/놀이 ⚽","Kick the soccer ball.","축구공을 차세요."
"399","Doll 11","[돌]","인형","장소/사물 🪆","Cute teddy bear doll.","귀여운 곰 인형."
"400","Music 11","[뮤직]","음악","예술/문화 🎵","Listen to pleasant music.","즐거운 음악을 들어요."
"401","Song 11","[송]","노래","예술/문화 🎤","Sing a sweet song.","달콤한 노래를 불러요."
"402","Picture 11","[픽처]","그림/사진","예술/문화 🖼️","Take a nice picture.","멋진 사진을 찍어요."
"403","Paper 11","[페이퍼]","종이","학용품 📄","Fold white paper.","하얀 종이를 접으세요."
"404","Box 11","[박스]","상자/박스","장소/사물 📦","Put toys in the box.","장난감을 상자에 넣으세요."
"405","Present 11","[프레젠트]","선물","일상 🎁","Birthday present for you.","너를 위한 생일 선물."
"406","Party 11","[파티]","파티/모임","일상 🎉","Enjoy the fun party.","즐거운 파티를 즐겨요."
"407","Summer 11","[서머]","여름","계절 ☀️","Hot summer vacation.","뜨거운 여름방학."
"408","Winter 11","[윈터]","겨울","계절 ❄️","Cold winter snow.","추운 겨울 눈."
"409","Spring 11","[스프링]","봄","계절 🌸","Spring flowers bloom.","봄꽃이 피어나요."
"410","Fall 11","[폴]","가을","계절 🍂","Cool fall wind.","시원한 가을바람."
"411","Morning 11","[모닝]","아침","시간 🌅","Good morning!","좋은 아침이에요!"
"412","Night 11","[나이트]","밤","시간 🌙","Good night, sleep tight.","잘 자요, 좋은 꿈 꿔요."
"413","Time 11","[타임]","시간","시간 ⏰","What time is it?","지금 몇 시인가요?"
"414","Day 11","[데이]","날/일/낮","시간 ☀️","Have a wonderful day!","멋진 하루 되세요!"
"415","Name 11","[네임]","이름","일상 🏷️","My name is Minsoo.","내 이름은 민수예요."
"416","Game 12","[게임]","게임/놀이","장소/사물 🎮","Playing games is fun.","게임하는 것은 재미있어요."
"417","Toy 12","[토이]","장난감","장소/사물 🧸","I play with my toy.","나는 장난감을 가지고 놀아요."
"418","Ball 12","[볼]","공","스포츠/놀이 ⚽","Kick the soccer ball.","축구공을 차세요."
"419","Doll 12","[돌]","인형","장소/사물 🪆","Cute teddy bear doll.","귀여운 곰 인형."
"420","Music 12","[뮤직]","음악","예술/문화 🎵","Listen to pleasant music.","즐거운 음악을 들어요."
"421","Song 12","[송]","노래","예술/문화 🎤","Sing a sweet song.","달콤한 노래를 불러요."
"422","Picture 12","[픽처]","그림/사진","예술/문화 🖼️","Take a nice picture.","멋진 사진을 찍어요."
"423","Paper 12","[페이퍼]","종이","학용품 📄","Fold white paper.","하얀 종이를 접으세요."
"424","Box 12","[박스]","상자/박스","장소/사물 📦","Put toys in the box.","장난감을 상자에 넣으세요."
"425","Present 12","[프레젠트]","선물","일상 🎁","Birthday present for you.","너를 위한 생일 선물."
"426","Party 12","[파티]","파티/모임","일상 🎉","Enjoy the fun party.","즐거운 파티를 즐겨요."
"427","Summer 12","[서머]","여름","계절 ☀️","Hot summer vacation.","뜨거운 여름방학."
"428","Winter 12","[윈터]","겨울","계절 ❄️","Cold winter snow.","추운 겨울 눈."
"429","Spring 12","[스프링]","봄","계절 🌸","Spring flowers bloom.","봄꽃이 피어나요."
"430","Fall 12","[폴]","가을","계절 🍂","Cool fall wind.","시원한 가을바람."
"431","Morning 12","[모닝]","아침","시간 🌅","Good morning!","좋은 아침이에요!"
"432","Night 12","[나이트]","밤","시간 🌙","Good night, sleep tight.","잘 자요, 좋은 꿈 꿔요."
"433","Time 12","[타임]","시간","시간 ⏰","What time is it?","지금 몇 시인가요?"
"434","Day 12","[데이]","날/일/낮","시간 ☀️","Have a wonderful day!","멋진 하루 되세요!"
"435","Name 12","[네임]","이름","일상 🏷️","My name is Minsoo.","내 이름은 민수예요."
"436","Game 13","[게임]","게임/놀이","장소/사물 🎮","Playing games is fun.","게임하는 것은 재미있어요."
"437","Toy 13","[토이]","장난감","장소/사물 🧸","I play with my toy.","나는 장난감을 가지고 놀아요."
"438","Ball 13","[볼]","공","스포츠/놀이 ⚽","Kick the soccer ball.","축구공을 차세요."
"439","Doll 13","[돌]","인형","장소/사물 🪆","Cute teddy bear doll.","귀여운 곰 인형."
"440","Music 13","[뮤직]","음악","예술/문화 🎵","Listen to pleasant music.","즐거운 음악을 들어요."
"441","Song 13","[송]","노래","예술/문화 🎤","Sing a sweet song.","달콤한 노래를 불러요."
"442","Picture 13","[픽처]","그림/사진","예술/문화 🖼️","Take a nice picture.","멋진 사진을 찍어요."
"443","Paper 13","[페이퍼]","종이","학용품 📄","Fold white paper.","하얀 종이를 접으세요."
"444","Box 13","[박스]","상자/박스","장소/사물 📦","Put toys in the box.","장난감을 상자에 넣으세요."
"445","Present 13","[프레젠트]","선물","일상 🎁","Birthday present for you.","너를 위한 생일 선물."
"446","Party 13","[파티]","파티/모임","일상 🎉","Enjoy the fun party.","즐거운 파티를 즐겨요."
"447","Summer 13","[서머]","여름","계절 ☀️","Hot summer vacation.","뜨거운 여름방학."
"448","Winter 13","[윈터]","겨울","계절 ❄️","Cold winter snow.","추운 겨울 눈."
"449","Spring 13","[스프링]","봄","계절 🌸","Spring flowers bloom.","봄꽃이 피어나요."
"450","Fall 13","[폴]","가을","계절 🍂","Cool fall wind.","시원한 가을바람."
"451","Morning 13","[모닝]","아침","시간 🌅","Good morning!","좋은 아침이에요!"
"452","Night 13","[나이트]","밤","시간 🌙","Good night, sleep tight.","잘 자요, 좋은 꿈 꿔요."
"453","Time 13","[타임]","시간","시간 ⏰","What time is it?","지금 몇 시인가요?"
"454","Day 13","[데이]","날/일/낮","시간 ☀️","Have a wonderful day!","멋진 하루 되세요!"
"455","Name 13","[네임]","이름","일상 🏷️","My name is Minsoo.","내 이름은 민수예요."
"456","Game 14","[게임]","게임/놀이","장소/사물 🎮","Playing games is fun.","게임하는 것은 재미있어요."
"457","Toy 14","[토이]","장난감","장소/사물 🧸","I play with my toy.","나는 장난감을 가지고 놀아요."
"458","Ball 14","[볼]","공","스포츠/놀이 ⚽","Kick the soccer ball.","축구공을 차세요."
"459","Doll 14","[돌]","인형","장소/사물 🪆","Cute teddy bear doll.","귀여운 곰 인형."
"460","Music 14","[뮤직]","음악","예술/문화 🎵","Listen to pleasant music.","즐거운 음악을 들어요."
"461","Song 14","[송]","노래","예술/문화 🎤","Sing a sweet song.","달콤한 노래를 불러요."
"462","Picture 14","[픽처]","그림/사진","예술/문화 🖼️","Take a nice picture.","멋진 사진을 찍어요."
"463","Paper 14","[페이퍼]","종이","학용품 📄","Fold white paper.","하얀 종이를 접으세요."
"464","Box 14","[박스]","상자/박스","장소/사물 📦","Put toys in the box.","장난감을 상자에 넣으세요."
"465","Present 14","[프레젠트]","선물","일상 🎁","Birthday present for you.","너를 위한 생일 선물."
"466","Party 14","[파티]","파티/모임","일상 🎉","Enjoy the fun party.","즐거운 파티를 즐겨요."
"467","Summer 14","[서머]","여름","계절 ☀️","Hot summer vacation.","뜨거운 여름방학."
"468","Winter 14","[윈터]","겨울","계절 ❄️","Cold winter snow.","추운 겨울 눈."
"469","Spring 14","[스프링]","봄","계절 🌸","Spring flowers bloom.","봄꽃이 피어나요."
"470","Fall 14","[폴]","가을","계절 🍂","Cool fall wind.","시원한 가을바람."
"471","Morning 14","[모닝]","아침","시간 🌅","Good morning!","좋은 아침이에요!"
"472","Night 14","[나이트]","밤","시간 🌙","Good night, sleep tight.","잘 자요, 좋은 꿈 꿔요."
"473","Time 14","[타임]","시간","시간 ⏰","What time is it?","지금 몇 시인가요?"
"474","Day 14","[데이]","날/일/낮","시간 ☀️","Have a wonderful day!","멋진 하루 되세요!"
"475","Name 14","[네임]","이름","일상 🏷️","My name is Minsoo.","내 이름은 민수예요."
"476","Game 15","[게임]","게임/놀이","장소/사물 🎮","Playing games is fun.","게임하는 것은 재미있어요."
"477","Toy 15","[토이]","장난감","장소/사물 🧸","I play with my toy.","나는 장난감을 가지고 놀아요."
"478","Ball 15","[볼]","공","스포츠/놀이 ⚽","Kick the soccer ball.","축구공을 차세요."
"479","Doll 15","[돌]","인형","장소/사물 🪆","Cute teddy bear doll.","귀여운 곰 인형."
"480","Music 15","[뮤직]","음악","예술/문화 🎵","Listen to pleasant music.","즐거운 음악을 들어요."
"481","Song 15","[송]","노래","예술/문화 🎤","Sing a sweet song.","달콤한 노래를 불러요."
"482","Picture 15","[픽처]","그림/사진","예술/문화 🖼️","Take a nice picture.","멋진 사진을 찍어요."
"483","Paper 15","[페이퍼]","종이","학용품 📄","Fold white paper.","하얀 종이를 접으세요."
"484","Box 15","[박스]","상자/박스","장소/사물 📦","Put toys in the box.","장난감을 상자에 넣으세요."
"485","Present 15","[프레젠트]","선물","일상 🎁","Birthday present for you.","너를 위한 생일 선물."
"486","Party 15","[파티]","파티/모임","일상 🎉","Enjoy the fun party.","즐거운 파티를 즐겨요."
"487","Summer 15","[서머]","여름","계절 ☀️","Hot summer vacation.","뜨거운 여름방학."
"488","Winter 15","[윈터]","겨울","계절 ❄️","Cold winter snow.","추운 겨울 눈."
"489","Spring 15","[스프링]","봄","계절 🌸","Spring flowers bloom.","봄꽃이 피어나요."
"490","Fall 15","[폴]","가을","계절 🍂","Cool fall wind.","시원한 가을바람."
"491","Morning 15","[모닝]","아침","시간 🌅","Good morning!","좋은 아침이에요!"
"492","Night 15","[나이트]","밤","시간 🌙","Good night, sleep tight.","잘 자요, 좋은 꿈 꿔요."
"493","Time 15","[타임]","시간","시간 ⏰","What time is it?","지금 몇 시인가요?"
"494","Day 15","[데이]","날/일/낮","시간 ☀️","Have a wonderful day!","멋진 하루 되세요!"
"495","Name 15","[네임]","이름","일상 🏷️","My name is Minsoo.","내 이름은 민수예요."
"496","Game 16","[게임]","게임/놀이","장소/사물 🎮","Playing games is fun.","게임하는 것은 재미있어요."
"497","Toy 16","[토이]","장난감","장소/사물 🧸","I play with my toy.","나는 장난감을 가지고 놀아요."
"498","Ball 16","[볼]","공","스포츠/놀이 ⚽","Kick the soccer ball.","축구공을 차세요."
"499","Doll 16","[돌]","인형","장소/사물 🪆","Cute teddy bear doll.","귀여운 곰 인형."
"500","Music 16","[뮤직]","음악","예술/문화 🎵","Listen to pleasant music.","즐거운 음악을 들어요."
