index,word,file,exists,width,height,bytes
1,Mango,Mango.png,True,1024,1024,590664
2,Kiwi,Kiwi.png,True,1024,1024,703107
3,Plum,Plum.png,True,1024,1024,625269
4,Blueberry,Blueberry.png,True,1024,1024,676540
5,Chestnut,Chestnut.png,True,1024,1024,709418
6,Walnut,Walnut.png,True,1024,1024,848144
7,Peanut,Peanut.png,True,1024,1024,771034
8,Almond,Almond.png,True,1024,1024,718774
9,Cabbage,Cabbage.png,True,1024,1024,734052
10,Lettuce,Lettuce.png,True,1024,1024,855942
11,Spinach,Spinach.png,True,1024,1024,444427
12,Pumpkin,Pumpkin.png,True,1024,1024,379484
13,Garlic,Garlic.png,True,1024,1024,352195
14,Mushroom,Mushroom.png,True,1024,1024,346764
15,Cucumber,Cucumber.png,True,1024,1024,334398
16,Ham,Ham.png,True,1024,1024,444577
17,Shrimp,Shrimp.png,True,1024,1024,369143
18,Tuna,Tuna.png,True,1024,1024,365449
19,Seaweed,Seaweed.png,True,1024,1024,531738
20,Tofu,Tofu.png,True,1024,1024,297047
21,Dumpling,Dumpling.png,True,1024,1024,330607
22,Pancake,Pancake.png,True,1024,1024,514329
23,Yogurt,Yogurt.png,True,1024,1024,330340
24,Flour,Flour.png,True,1024,1024,483043
25,Pepper,Pepper.png,True,1024,1024,352695
26,Sauce,Sauce.png,True,1024,1024,225963
27,Stew,Stew.png,True,1024,1024,438810
28,Cereal,Cereal.png,True,1024,1024,516481
29,Squirrel,Squirrel.png,True,1024,1024,440817
30,Rat,Rat.png,True,1024,1024,334659
31,Hamster,Hamster.png,True,1024,1024,398147
32,Crocodile,Crocodile.png,True,1024,1024,417959
33,Jellyfish,Jellyfish.png,True,1024,1024,428250
34,Starfish,Starfish.png,True,1024,1024,373335
35,Seal,Seal.png,True,1024,1024,378431
36,Crow,Crow.png,True,1024,1024,370943
37,Sparrow,Sparrow.png,True,1024,1024,421353
38,Pigeon,Pigeon.png,True,1024,1024,383929
39,Parrot,Parrot.png,True,1024,1024,384382
40,Peacock,Peacock.png,True,1024,1024,672899
41,Swan,Swan.png,True,1024,1024,347551
42,Goose,Goose.png,True,1024,1024,285125
43,Hippo,Hippo.png,True,1024,1024,374364
44,Snail,Snail.png,True,1024,1024,377011
45,Worm,Worm.png,True,1024,1024,331467
46,Beetle,Beetle.png,True,1024,1024,344531
47,Grasshopper,Grasshopper.png,True,1024,1024,404932
48,Dragonfly,Dragonfly.png,True,1024,1024,384654
49,Firefly,Firefly.png,True,1024,1024,308602
50,Mosquito,Mosquito.png,True,1024,1024,366580
51,Caterpillar,Caterpillar.png,True,1024,1024,371060
52,Moth,Moth.png,True,1024,1024,453440
53,Ladybug,Ladybug.png,True,1024,1024,333261
54,Wing,Wing.png,True,1024,1024,371339
55,Tail,Tail.png,True,1024,1024,308801
56,Paw,Paw.png,True,1024,1024,398341
57,Nephew,Nephew.png,True,1024,1024,433513
58,Niece,Niece.png,True,1024,1024,480036
59,Twin,Twin.png,True,1024,1024,427091
60,Kid,Kid.png,True,1024,1024,291762
61,Classmate,Classmate.png,True,1024,1024,327961
62,Roommate,Roommate.png,True,1024,1024,392586
63,Grandchild,Grandchild.png,True,1024,1024,286307
64,Grandson,Grandson.png,True,1024,1024,267235
65,Granddaughter,Granddaughter.png,True,1024,1024,310320
66,Gentleman,Gentleman.png,True,1024,1024,307234
67,Lady,Lady.png,True,1024,1024,345124
68,Neighborhood,Neighborhood.png,True,1024,1024,420411
69,Dentist,Dentist.png,True,1024,1024,359393
70,Vet,Vet.png,True,1024,1024,451100
71,Baker,Baker.png,True,1024,1024,354118
72,Tailor,Tailor.png,True,1024,1024,394817
73,Sailor,Sailor.png,True,1024,1024,344827
74,Scientist,Scientist.png,True,1024,1024,432973
75,Reporter,Reporter.png,True,1024,1024,430810
76,Photographer,Photographer.png,True,1024,1024,430257
77,Designer,Designer.png,True,1024,1024,583669
78,Mechanic,Mechanic.png,True,1024,1024,453301
79,Carpenter,Carpenter.png,True,1024,1024,513921
80,Gardener,Gardener.png,True,1024,1024,574794
81,Forehead,Forehead.png,True,1024,1024,340632
82,Cheek,Cheek.png,True,1024,1024,328302
83,Throat,Throat.png,True,1024,1024,272149
84,Elbow,Elbow.png,True,1024,1024,236884
85,Wrist,Wrist.png,True,1024,1024,246310
86,Palm,Palm.png,True,1024,1024,320033
87,Thumb,Thumb.png,True,1024,1024,223633
88,Waist,Waist.png,True,1024,1024,278889
89,Hip,Hip.png,True,1024,1024,255211
90,Thigh,Thigh.png,True,1024,1024,271423
91,Skirt,Skirt.png,True,1024,1024,293824
92,Sweater,Sweater.png,True,1024,1024,356547
93,Vest,Vest.png,True,1024,1024,362706
94,Jeans,Jeans.png,True,1024,1024,332656
95,Shorts,Shorts.png,True,1024,1024,376813
96,Boots,Boots.png,True,1024,1024,478956
97,Sandals,Sandals.png,True,1024,1024,513104
98,Sneakers,Sneakers.png,True,1024,1024,495021
99,Slippers,Slippers.png,True,1024,1024,393865
100,Gloves,Gloves.png,True,1024,1024,374754
101,Playground,Playground.png,True,1024,1024,411404
102,Gym,Gym.png,True,1024,1024,415480
103,Cafeteria,Cafeteria.png,True,1024,1024,528510
104,Homework,Homework.png,True,1024,1024,286012
105,Workbook,Workbook.png,True,1024,1024,280058
106,Stapler,Stapler.png,True,1024,1024,361986
107,Marker,Marker.png,True,1024,1024,295657
108,Highlighter,Highlighter.png,True,1024,1024,288447
109,Whiteboard,Whiteboard.png,True,1024,1024,183533
110,Locker,Locker.png,True,1024,1024,204491
111,Sharpener,Sharpener.png,True,1024,1024,378234
112,Calculator,Calculator.png,True,1024,1024,318030
113,Bell,Bell.png,True,1024,1024,282464
114,Chart,Chart.png,True,1024,1024,163741
115,Model,Model.png,True,1024,1024,364049
116,Timetable,Timetable.png,True,1024,1024,249703
117,Attic,Attic.png,True,1024,1024,485373
118,Garage,Garage.png,True,1024,1024,309691
119,Fireplace,Fireplace.png,True,1024,1024,306665
120,Faucet,Faucet.png,True,1024,1024,272562
121,Bathtub,Bathtub.png,True,1024,1024,318119
122,Shower,Shower.png,True,1024,1024,335215
123,Toilet,Toilet.png,True,1024,1024,363723
124,Closet,Closet.png,True,1024,1024,354528
125,Mattress,Mattress.png,True,1024,1024,460577
126,Quilt,Quilt.png,True,1024,1024,554257
127,Vacuum,Vacuum.png,True,1024,1024,520144
128,Stove,Stove.png,True,1024,1024,491466
129,Oven,Oven.png,True,1024,1024,451125
130,Microwave,Microwave.png,True,1024,1024,374013
131,Freezer,Freezer.png,True,1024,1024,346871
132,Toaster,Toaster.png,True,1024,1024,361334
133,Teapot,Teapot.png,True,1024,1024,392875
134,Mug,Mug.png,True,1024,1024,318454
135,Chopsticks,Chopsticks.png,True,1024,1024,349728
136,Thermos,Thermos.png,True,1024,1024,256562
137,Speaker,Speaker.png,True,1024,1024,394902
138,Headphone,Headphone.png,True,1024,1024,471608
139,Church,Church.png,True,1024,1024,401396
140,Temple,Temple.png,True,1024,1024,361065
141,Palace,Palace.png,True,1024,1024,467213
142,Theater,Theater.png,True,1024,1024,366034
143,Cinema,Cinema.png,True,1024,1024,387565
144,Stadium,Stadium.png,True,1024,1024,424232
145,Mall,Mall.png,True,1024,1024,372735
146,Supermarket,Supermarket.png,True,1024,1024,429649
147,Bakery,Bakery.png,True,1024,1024,487791
148,Restaurant,Restaurant.png,True,1024,1024,383364
149,Cafe,Cafe.png,True,1024,1024,342173
150,Factory,Factory.png,True,1024,1024,324927
151,Office,Office.png,True,1024,1024,318162
152,Village,Village.png,True,1024,1024,508824
153,Van,Van.png,True,1024,1024,358887
154,Scooter,Scooter.png,True,1024,1024,342365
155,Helicopter,Helicopter.png,True,1024,1024,394723
156,Ferry,Ferry.png,True,1024,1024,312408
157,Sailboat,Sailboat.png,True,1024,1024,369391
158,Tractor,Tractor.png,True,1024,1024,433941
159,Ambulance,Ambulance.png,True,1024,1024,359886
160,Wagon,Wagon.png,True,1024,1024,338315
161,Stroller,Stroller.png,True,1024,1024,411528
162,Harbor,Harbor.png,True,1024,1024,431843
163,Typhoon,Typhoon.png,True,1024,1024,370787
164,Tornado,Tornado.png,True,1024,1024,303431
165,Hail,Hail.png,True,1024,1024,266629
166,Puddle,Puddle.png,True,1024,1024,245428
167,Icicle,Icicle.png,True,1024,1024,333929
168,Sunrise,Sunrise.png,True,1024,1024,379236
169,Sunset,Sunset.png,True,1024,1024,374025
170,Dawn,Dawn.png,True,1024,1024,380347
171,Dusk,Dusk.png,True,1024,1024,482030
172,Shade,Shade.png,True,1024,1024,510878
173,Waterfall,Waterfall.png,True,1024,1024,641665
174,Pebble,Pebble.png,True,1024,1024,356559
175,Trunk,Trunk.png,True,1024,1024,429558
176,Twig,Twig.png,True,1024,1024,274314
177,Mist,Mist.png,True,1024,1024,338898
178,Blossom,Blossom.png,True,1024,1024,458839
179,Petal,Petal.png,True,1024,1024,325910
180,Vine,Vine.png,True,1024,1024,401143
181,Century,Century.png,True,1024,1024,472754
182,Decade,Decade.png,True,1024,1024,385246
183,Weekend,Weekend.png,True,1024,1024,810084
184,Weekday,Weekday.png,True,1024,1024,496209
185,Birthday,Birthday.png,True,1024,1024,556581
186,Anniversary,Anniversary.png,True,1024,1024,633149
187,Midnight,Midnight.png,True,1024,1024,357013
188,Noon,Noon.png,True,1024,1024,325406
189,Hour,Hour.png,True,1024,1024,341868
190,Minute,Minute.png,True,1024,1024,329483
191,Navy,Navy.png,True,1024,1024,190940
192,Beige,Beige.png,True,1024,1024,201390
193,Dozen,Dozen.png,True,1024,1024,455195
194,Half,Half.png,True,1024,1024,366386
195,Quarter,Quarter.png,True,1024,1024,420816
196,Triple,Triple.png,True,1024,1024,421596
197,Million,Million.png,True,1024,1024,529006
198,Billion,Billion.png,True,1024,1024,699759
199,Pair,Pair.png,True,1024,1024,339075
200,Dot,Dot.png,True,1024,1024,137633
201,Shallow,Shallow.png,True,1024,1024,322361
202,Straight,Straight.png,True,1024,1024,271769
203,Curved,Curved.png,True,1024,1024,197787
204,Square,Square.png,True,1024,1024,138005
205,Round,Round.png,True,1024,1024,349859
206,Weak,Weak.png,True,1024,1024,321459
207,Closed,Closed.png,True,1024,1024,211811
208,Sticky,Sticky.png,True,1024,1024,309003
209,Fluffy,Fluffy.png,True,1024,1024,289240
210,Crispy,Crispy.png,True,1024,1024,460284
211,Salty,Salty.png,True,1024,1024,459030
212,Spicy,Spicy.png,True,1024,1024,280115
213,Bitter,Bitter.png,True,1024,1024,360192
214,Juicy,Juicy.png,True,1024,1024,412443
215,Tidy,Tidy.png,True,1024,1024,315769
216,Messy,Messy.png,True,1024,1024,614524
217,Noisy,Noisy.png,True,1024,1024,305145
218,Silly,Silly.png,True,1024,1024,396451
219,Sorry,Sorry.png,True,1024,1024,415461
220,Fine,Fine.png,True,1024,1024,433283
221,Hurt,Hurt.png,True,1024,1024,330808
222,Well,Well.png,True,1024,1024,456729
223,Smart,Smart.png,True,1024,1024,500817
224,Funny,Funny.png,True,1024,1024,459712
225,Friendly,Friendly.png,True,1024,1024,539194
226,Kind,Kind.png,True,1024,1024,583115
227,Merry,Merry.png,True,1024,1024,379501
228,Bold,Bold.png,True,1024,1024,438684
229,Safe,Safe.png,True,1024,1024,355696
230,Sure,Sure.png,True,1024,1024,430308
231,Sit,Sit.png,True,1024,1024,346218
232,Stand,Stand.png,True,1024,1024,311270
233,Hold,Hold.png,True,1024,1024,438511
234,Comb,Comb.png,True,1024,1024,475426
235,Bake,Bake.png,True,1024,1024,542676
236,Taste,Taste.png,True,1024,1024,509391
237,Smell,Smell.png,True,1024,1024,434906
238,Hear,Hear.png,True,1024,1024,315489
239,Listen,Listen.png,True,1024,1024,493041
240,Draw,Draw.png,True,1024,1024,524329
241,Clap,Clap.png,True,1024,1024,361808
242,Hug,Hug.png,True,1024,1024,482727
243,Ring,Ring.png,True,1024,1024,392027
244,Blow,Blow.png,True,1024,1024,533865
245,Bite,Bite.png,True,1024,1024,497496
246,Chew,Chew.png,True,1024,1024,433212
247,Lick,Lick.png,True,1024,1024,458203
248,Drive,Drive.png,True,1024,1024,531909
249,Slip,Slip.png,True,1024,1024,495526
250,Skip,Skip.png,True,1024,1024,440824
251,Hop,Hop.png,True,1024,1024,381518
252,Kneel,Kneel.png,True,1024,1024,347605
253,Pat,Pat.png,True,1024,1024,562512
254,Rub,Rub.png,True,1024,1024,340184
255,Badminton,Badminton.png,True,1024,1024,393300
256,Swimming,Swimming.png,True,1024,1024,414965
257,Skating,Skating.png,True,1024,1024,423517
258,Skiing,Skiing.png,True,1024,1024,511874
259,Boxing,Boxing.png,True,1024,1024,302696
260,Taekwondo,Taekwondo.png,True,1024,1024,421526
261,Hiking,Hiking.png,True,1024,1024,514737
262,Camping,Camping.png,True,1024,1024,415438
263,Fishing,Fishing.png,True,1024,1024,388000
264,Drawing,Drawing.png,True,1024,1024,601910
265,Cooking,Cooking.png,True,1024,1024,318635
266,Puzzle,Puzzle.png,True,1024,1024,344029
